uid,name,status,confidence,permitted_m2,worked_m2,outside_permitted_m2,reserve_m2,property_whole_m2,property_whole_parcels,property_part_parcels,leased,plans,basis,outside_pieces,notes
AK_AA_002,Franzefoss Pukk avd. Vinterbro,ok,verified,301525,224235,1495,78876,26197,107/469 107/523 107/573,"107/1-2,8 (287792 of 4079137 m²); 119/16 (2736 of 276851 m²)",,3218/235 Reguleringsplan for Pukkverk ved Vinterbro | 3218/286 Reguleringsplan for E18 Retvet-Vinterbro,"industry field of the facility plan, industry zoning under worked ground, activity field",,"worked outline redrawn 2026-10-06: quarry pit with the compost area at the north-west corner, and the yard by the E6 junction; DMF licence KB-037/13 (267439 m2); 2026-10-06 plan check: reguleringsplan under the site: Reguleringsplan for Pukkverk ved Vinterbro (2010-10-24, 98 % of the site)"
OS_OS_001,Alnabru Massemottak,no zoning found (outline from imagery),verified,,7677,,,,,,,S-1846 | S-1728,,,active site: parcel 116/106/0 = facility yard (checked on imagery); 2026-10-06 plan check: no reguleringsplan in the national register under the site (Oslo: see plan rows)
OS_OS_002,Stubberud (historical),no zoning found (outline from register),verified,,157785,,,,,,,S-5142 | S-1728,,,closed landfill: register outline (grunnforurensning lok 942: STUBBERUD SØPPELFYLLING); 2026-10-06 plan check: no reguleringsplan in the national register under the site (Oslo: see plan rows)
AK_LI_003,Jølsen Miljøpark,ok,verified,85843,97036,37075,25754,97797,401/4 401/4 401/6 401/10 401/7 401/9,401/1 (24884 of 2838576 m²); 401/8 (5224 of 14955 m²),,3205/0227_0101R9901U Jølsen næringsområde gnr. 1 bnr. 1,industry zoning under worked ground,,"worked outline redrawn 2026-10-06: gravel yard and stockpiles with the bund on the west side (deposit in the 2007-2020 terrain-change run) and the vehicle yard at the south end; 2026-10-06 plan check: reguleringsplan under the site: Jølsen næringsområde gnr. 1 bnr. 1 (no date, 77 % of the site); 2026-10-06 (plan step): industry fields of 'Jølsen næringsområde gnr. 1 bnr. 1'; the register gives the plan no in-force date, and 38 % of the worked ground lies outside it"
AK_LI_002,Skedsmo Massesenter,ok,verified,214447,212891,18415,19878,274384,55/26 55/25 55/22 55/23,,,"3205/0231_541 Reguleringsplan for Brattås sedimentasjonsbasseng gbnr 55/1, 22, 23, 24,25 og 26 med reguleringsbestemmelser","road field of the facility plan, activity field, other field of the facility plan",,"worked outline redrawn 2026-10-06: pit, fill terraces, crushing plant and the entrance yard; DMF licence KB-084/14 (214465 m2); 2026-10-06 plan check: reguleringsplan under the site: Reguleringsplan for Brattås sedimentasjonsbasseng gbnr 55/1, 22, 23, 24,25 og 26 med reguleringsbestemmelser (2016-12-14, 100 % of the site)"
AK_NE_001,Esval Miljøpark,ok,verified,343696,250132,1212,94780,424711,93/23/1 93/23 23/66 93/19,23/1 (1316 of 224765 m²); 93/1 (1364 of 790502 m²),,3228/2016016 Esval Miljøpark,"after-use zoning under worked ground, activity field, road field of the facility plan",,"worked outline redrawn 2026-10-06: whole site: landfill mound to the west (its edge follows the deposit polygon of the 2010-2020 terrain-change run), sorting yards, halls and the plant with tanks to the south-east; fields left out; 2026-10-06 plan check: reguleringsplan under the site: Esval Miljøpark (2021-04-20, 100 % of the site)"
AK_EI_002,Feiring Bruk AS avd. Dal Pukkverk,ok,verified,404743,231368,5478,178758,441642,96/595 197/3 197/11 197/11 197/52 197/18 197/77 197/1,96/2 (7872 of 232505 m²); 330/2 (10620 of 267878 m²); 206/20 (3724 of 59185 m²); 197/14 (4176 of 190927 m²),,"3209/113 Steinbrudd på eiendommen gnr 197/11, 15 og 18 på Sessvoll | 3209/142 Steinbrudd på eiendommen gnr. 197 bnr.3, Fjellberg skog 143 | 3209/291 Reg.plan for Dal pukkverk gnr 197/3 m.fl. | 3240/023719000 Utvidelse av Dal pukkverk","activity field, road field of the facility plan, plan outline (the register holds no fields for this plan)",,"worked outline redrawn 2026-10-06: quarry pit including the pit lake; the forested northern lobe and the E6 verge are left out; DMF licence KB-344/14 (332791 m2); 2026-10-06 plan check: reguleringsplan under the site: Steinbrudd på eiendommen gnr. 197 bnr.3, Fjellberg skog 143 (1992-08-31, 49 % of the site); Reg.plan for Dal pukkverk gnr 197/3 m.fl. (2009-08-31, 25 % of the site); Steinbrudd på eiendommen gnr 197/11, 15 og 18 på Sessvoll (1988-12-12, 17 % of the site); Utvidelse av Dal pukkverk (2009-09-08, 7 % of the site)"
AK_UL_003,Veidekke Gardermoen Massesenter,no zoning found,verified,181335,136896,30433,74931,,,,,"3209/377 DETALJREGULERINGSPLAN FOR GARDERMOEN NÆRINGSPARK  IIB OG C, KVARTAL K2, K6.1 OG K6.2 | 3209/478 GNP 2 Vest",industry zoning under worked ground,,"pin parcel 152/81 is a sliver inside a large gravel area; operator extent not identifiable on imagery; pin only | pin parcel 152/81 is a sliver inside a large gravel area; operator extent not identifiable on imagery; pin only | pin parcel 152/81 is a sliver inside a large gravel area; operator extent not identifiable on imagery; pin only; 2026-10-06 (licence step): sand pit in the southern part of licence KB-005/24, with the stockpile, the yard at the entrance and the strip along the eastern licence line; the rest of the licence area is forest. Bare ground east and west of the licence line belongs to neighbouring sites and is left out; DMF licence KB-005/24 (473567 m2); 2026-10-06 plan check: reguleringsplan under the site: GNP 2 Vest (2024-04-30, 95 % of the site); DETALJREGULERINGSPLAN FOR GARDERMOEN NÆRINGSPARK  IIB OG C, KVARTAL K2, K6.1 OG K6.2 (2015-06-15, 4 % of the site); 2026-10-06 (plan step): this is the business-park zoning (Næringsbebyggelse) of the Gardermoen Næringspark plans, not zoning for extraction; the extraction right is the DMF licence"
AK_UL_001,Ragn-Sells avd. Gardermoen,rejected: zoning seeded onto another site or a tiny field,verified,63442,28884,1760,36311,,,,,3209/437 Gardermoen Næringspark 1,industry zoning under worked ground,,"active site: parcel 137/41/0 = facility yard (checked on imagery) | seeded by nearest field 322 m from pin; 2026-10-06 plan check: reguleringsplan under the site: Gardermoen Næringspark 1 (2021-09-07, 100 % of the site)"
AK_AH_001,Helgerud Inert Deponi,ok,check,163575,33280,4452,134654,28311,14/18,233/27 (1736 of 18922 m²); 13/1 (101908 of 865783 m²); 13/21 (69072 of 164928 m²); 14/1 (13944 of 830962 m²); 233/11 (1332 of 15246 m²); 14/5 (3596 of 27375 m²),,3226/22120150001 Helgerud massedeponi | 3226/302620200006 Pukkverk og massemottak ved Fetmosen,"activity field, after-use zoning under worked ground, road field of the facility plan, farm or forest field of a deposit plan",,"active site: imagery trace of the deposit north of the farm; split from Mr. Pukk by pin proximity; Helgerud/Mr. Pukk split by pin proximity; permitted plans name both Helgerud massedeponi and Pukkverk ved Fetmosen | seeded by nearest field 18 m from pin; worked outline redrawn 2026-10-06: pit to the west, crushing area and fill to the east; access road left out. Split from Mr. Pukk Høland (the yard south of the farm) not confirmed by a document; 2026-10-06 (licence step): fill and crushing area east of the quarry pit. The pit to the west is now on the Mr. Pukk Høland row, because the DMF register places that company's quarry (uttak 257, Fet Gropa) there. The limit between the two is drawn by eye and no document read confirms it; 2026-10-06 plan check: reguleringsplan under the site: Helgerud massedeponi (2017-06-19, 67 % of the site); Pukkverk og massemottak ved Fetmosen (2023-02-13, 19 % of the site)"
AK_NI_001,NOAH Engadalen,ok,verified,255296,172450,,83344,43566,52/3 52/13 100/26,100/27 (8264 of 22590 m²); 52/3 (23400 of 240104 m²); 52/1 (226816 of 458669 m²); 100/25 (1540 of 28851 m²); 53/1 (3040 of 260658 m²); 110/22 (1060 of 2778 m²),,3232/339 Detaljreguleringsplan for massemottak på Aas gård,activity field,,"worked outline redrawn 2026-10-06: fill area between the road and the golf course, with the haul road and plant; 2026-10-06 plan check: reguleringsplan under the site: Detaljreguleringsplan for massemottak på Aas gård (2014-06-16, 100 % of the site)"
AK_AS_001,Lindum Oredalen,ok,verified,501145,253037,8389,256635,541208,335/346 335/57 335/57 335/57,335/57 (33644 of 1620634 m²); 335/1 (1704 of 2920473 m²),,3203/06285078 Oredalen Deponi,"activity field, farm or forest field of a deposit plan, road field of the facility plan, other field of the facility plan",,"worked outline redrawn 2026-10-06: landfill and plant area, and the separate open cell to the north-west; 2026-10-06 plan check: reguleringsplan under the site: Oredalen Deponi (2018-06-12, 99 % of the site)"
AK_AS_004,Røyken Grovfyllplass,ok,verified,229028,151361,2345,79904,172933,255/157 255/129 255/140 255/196 255/156,255/42 (410376 of 1588811 m²); 255/2 (3368 of 1699098 m²),,3203/062762760006A Røyken avfallsplass,"activity field, field of the facility plan (general code), industry field of the facility plan, road field of the facility plan",,"worked outline redrawn 2026-10-06: fill and plant area west of the access road; the halls of the business park east of the road and the track into the forest to the south are left out; 2026-10-06 plan check: reguleringsplan under the site: Røyken avfallsplass (1997-09-29, 99 % of the site)"
AK_AH_002,Mr. Pukk Høland AS,ok,check,149849,86272,3290,67224,28311,14/18,233/27 (1736 of 18922 m²); 13/1 (101908 of 865783 m²); 13/21 (68488 of 164928 m²); 14/1 (13944 of 830962 m²); 233/11 (1332 of 15246 m²); 14/5 (3596 of 27375 m²),,3226/22119830003 Høland ferdigbetong | 3226/302620200006 Pukkverk og massemottak ved Fetmosen,"activity field, road field of the facility plan, farm or forest field of a deposit plan",,"active site: imagery trace of the pit south of the farm; split from Helgerud by pin proximity; Helgerud/Mr. Pukk split by pin proximity; permitted plans name both Helgerud massedeponi and Pukkverk ved Fetmosen | seeded by nearest field 26 m from pin; worked outline redrawn 2026-10-06: yard south of the farm. Split from Helgerud not confirmed by a document; 2026-10-06 (licence step): quarry pit and the yard south of the farm. The DMF register point of uttak 257 (Fet Gropa, in operation, Mr. Pukk Høland AS) lies in the pit; the register holds no licence area for it. The limit towards Helgerud Inert Deponi is drawn by eye and no document read confirms it; 2026-10-06 plan check: reguleringsplan under the site: Pukkverk og massemottak ved Fetmosen (2023-02-13, 72 % of the site); Høland ferdigbetong (1983-04-15, 24 % of the site)"
AK_LI_004,ROAF Miljøpark,ok,verified,255954,191266,2546,67396,269000,12/40 11/27,13/1 (1964 of 343124 m²); 12/1 (2572 of 187028 m²),,3205/0231_528 ROAF Miljøpark,"activity field, road field of the facility plan, other field of the facility plan",,"worked outline redrawn 2026-10-06: whole site: offices and recycling station at the entrance, the sorting hall, compost and treatment yards and the capped landfill slope with the solar panels; 2026-10-06 plan check: reguleringsplan under the site: ROAF Miljøpark (2024-09-18, 99 % of the site)"
AK_LI_005,Asak Massemottak,ok,verified,316513,265311,110205,161410,559648,256/4 256/1 256/1 256/1 255/2 256/14 256/2 255/1,"256/4 (7984 of 630519 m²); 257/1 (2772 of 611693 m²); 329/30 (16504 of 38328 m²); 255/2 (2448 of 296497 m²); 255/2 (44096 of 103016 m²); 256/2 (2352 of 214455 m²); 255/1 (104996 of 632410 m²); 266/4,10 (13864 of 341119 m²)",,3205/L009 Asak massemottak - alternativ 2b,"after-use zoning under worked ground, activity field, road field of the facility plan, farm or forest field of a deposit plan",,"worked outline redrawn 2026-10-06: bare fill ground traced on imagery; the regrown fill in the ravine to the south-west is taken from the deposit polygons of the 2007-2020 terrain-change run; farm fields east and south left out; 2026-10-06 plan check: reguleringsplan under the site: Asak massemottak - alternativ 2b (2025-09-03, 59 % of the site)"
AK_LI_009,Veidekke Esval Deponi,ok,verified,51702,51666,4318,4022,0,,284/1 (35552 of 570580 m²); 284/32 (39696 of 105858 m²); 284/3 (3516 of 213962 m²),,3205/0226_178 Esval massedeponi,activity field,,"worked outline redrawn 2026-10-06: closed fill: bare and re-seeded ground, edge follows the deposit polygon of the 2007-2020 terrain-change run; forest to the south left out; 2026-10-06 plan check: reguleringsplan under the site: Esval massedeponi (2008-12-17, 91 % of the site)"
AK_UL_002,ØRAS Miljøstasjon Dal Skog,ok,verified,312371,200447,,111925,312351,199/227 199/221,199/1 (20396 of 2816282 m²),,3209/462 Detaljreguleringsplan for ØRAS,activity field,,"worked outline redrawn 2026-10-06: whole station inside its perimeter road: halls, reception ring, sorting and storage yards, landfill part to the south-west; 2026-10-06 plan check: reguleringsplan under the site: Detaljreguleringsplan for ØRAS (2022-11-29, 100 % of the site)"
OS_OS_003,Mr. Pukk AS avd. Micheletveien (Furuset),no zoning found (outline from imagery),check,,,,,,,,,,,,"active site: parcel 112/69/0 = facility yard (checked on imagery); parcel matches sheet address but imagery shows a large hall complex; operator yard not confirmed; to check (2026-10-06): the parcel matches the address but shows a row of halls; after Paolo's review 2026-10-06: parcel 112/69, named on permit 2021.1042.T. The permit describes reception and interim storage indoors, in a hall, in the same building as Mr. Pukk Gjenvinning AS; which hall of the row is not stated, so no worked outline is drawn; 2026-10-06 plan check: no reguleringsplan in the national register under the site (Oslo: see plan rows)"
OS_OS_004,FRANO gjenvinningsanlegg for forurensede masser (Bondkall),no zoning found (outline from imagery),check,340411,232459,15934,124014,,,,,S-4076 | S-1242,,,"active site: traced quarry + hand-traced processing yard; worked outline redrawn 2026-10-06: quarry with the treatment plant, and the processing yard to the south-east. FRANO and the Bondkall quarry are not separated: no document read gives the limit between them; after Paolo's review 2026-10-06: quarry with the treatment plant, and the processing yard to the south-east. FRANO and the Bondkall quarry are not separated: no document read gives the limit between them. No reguleringsplan outline: Oslo delivers no plans to the national register. The FRANO permit names reguleringsplan S-4076 (Bånkall pukkverk) and places the plant inside the existing quarry on part of 98/87; 2026-10-06 plan check: no reguleringsplan in the national register under the site (Oslo: see plan rows)"
OS_OS_005,Franzefoss Pukk avd. Bondkall,no zoning found (outline from imagery),check,340411,232459,15934,124014,,,,,S-4076 | S-1242,,,"active site: traced quarry + hand-traced processing yard; worked outline redrawn 2026-10-06: same outline as FRANO: quarry with the treatment plant, and the processing yard; the limit between the two rows is not given by any document read; after Paolo's review 2026-10-06: same outline as FRANO: quarry with the treatment plant, and the processing yard; the limit between the two rows is not given by any document read. No reguleringsplan outline: Oslo delivers no plans to the national register. The FRANO permit names reguleringsplan S-4076 (Bånkall pukkverk) and places the plant inside the existing quarry on part of 98/87; 2026-10-06 plan check: no reguleringsplan in the national register under the site (Oslo: see plan rows)"
OS_OS_006,Franzefoss Gjenvinning avd. Haraldrud,no zoning found (outline from imagery),verified,,37148,,,,,,,S-5285 | S-2948,,,active site: parcel 139/289/0 = facility yard (checked on imagery); 2026-10-06 plan check: no reguleringsplan in the national register under the site (Oslo: see plan rows)
OS_OS_007,Grønmo nedlagte deponi,no zoning found (outline from register),verified,,553063,,,,,,,V021104N2 | S-5125,,,"closed landfill: register outline (grunnforurensning lok 998,896,993,999: Grønmo søppelfyllplass - Sørlimosen | GRØNMO SØPPELFYLLPLASS - Kullebunnmyr | Grønmo søppelfyllplass - metallhydroksidslamdeponi | Grønmo søppelfyllplass-Østre areal); 2026-10-06 plan check: no reguleringsplan in the national register under the site (Oslo: see plan rows)"
OS_OS_008,Rommen nedlagte deponi (Rommen avfallsfylling),no zoning found (outline from register),verified,,274890,,,,,,,S-2348 | S-1352,,,closed landfill: register outline (grunnforurensning lok 927: Rommen avfallsfylling (ROMMENFYLLINGEN)); 2026-10-06 plan check: no reguleringsplan in the national register under the site (Oslo: see plan rows)
AK_ND_001,Langøyene nedlagte deponi,no zoning found (outline from register),verified,,107058,,,,,,,,,,closed landfill: register outline (grunnforurensning lok 460: LANGØYENE); 2026-10-06 plan check: no reguleringsplan in the national register under the site
OF_IO_002,Veidekke Elvestad,ok,verified,113999,138532,34537,10127,308288,912/1-2,911/2 (20328 of 167761 m²); 915/1 (126208 of 300446 m²); 916/1 (23116 of 264324 m²); 43/2 (1768 of 89247 m²); 918/28 (3904 of 245085 m²); 144/12 (1016 of 24920 m²); 914/1 (21672 of 184279 m²),,3118/013820130001 E18 Massedeponier Skaug - Bråtan,after-use zoning under worked ground,,"active site: hand-traced pit (clear-cuts around it excluded) | seeded by nearest field 13 m from pin; 2026-10-06 plan check: reguleringsplan under the site: E18 Massedeponier Skaug - Bråtan (2013-11-26, 75 % of the site)"
AK_BA_001,Isi avfallsanlegg - gjenvinningsstasjon,ok,verified,250499,113217,,137305,155367,71/42,71/1 (101112 of 5137857 m²); 71/2 (1928 of 20353 m²),,3201/2000033 ISI MILJØPARK,"other field of the facility plan, activity field, road field of the facility plan",,"worked outline redrawn 2026-10-06: recycling station, the crushing yard to the north-west, the yard to the east and the storage yards to the south (these lie on the closed Isi II landfill); 2026-10-06 plan check: reguleringsplan under the site: ISI MILJØPARK (2007-04-25, 100 % of the site)"
AK_BA_003,Isi II - deponi,ok,verified,250499,110179,4101,144529,155367,71/42,71/1 (100936 of 5137857 m²); 71/2 (1928 of 20353 m²),,3201/2000033 ISI MILJØPARK,"other field of the facility plan, activity field, road field of the facility plan",,"worked outline redrawn 2026-10-06: closed landfill: outline of the Miljødirektoratet register (grunnforurensning) [Isi avfallsdeponi (del av Isi avfallsanlegg) ISI 2 [Kommunalt deponi, Uavklart] Lokalitet_ID 475]; 2026-10-06 plan check: reguleringsplan under the site: ISI MILJØPARK (2007-04-25, 96 % of the site); E16, BJØRUM - HOLE GRENSE (2013-06-19, 2 % of the site)"
AK_BA_002,Isi I - deponi,ok,verified,,66942,,,155367,71/42,71/1 (100936 of 5137857 m²); 71/2 (1928 of 20353 m²),,,,,"permitted removed: closed landfill, earlier zoning was distance-seeded onto another plan | closed landfill: register outline (grunnforurensning lok 474: Isi avfallsdeponi (del av Isi avfallsanlegg) ISI 1) | seeded by nearest field 164 m from pin; 2026-10-06 plan check: reguleringsplan under the site: ISI MILJØPARK (2007-04-25, 100 % of the site)"
AK_NA_001,Herstua Grus AS - avfallshåndtering,ok,verified,113062,91038,,21863,,,,,3238/11-01 Herstua grustak og næringsområde,activity field,,"worked outline redrawn 2026-10-06: the hall and the sorting and storage yards. The split between the two Herstua rows is by eye, not from a document; after Paolo's review 2026-10-06: the pit on parcel 144/51, which permit 2024.0446.T names as the site ('Herstua grus masseuttak, gbnr. 144/51'); the permit point lies on its north-east edge. Same outline as the Herstua landfill row: the permit says the landfill lies on the same area. The hall and yards north-east of the access road are on other parcels of the business area and are left out; 2026-10-06 plan check: reguleringsplan under the site: Herstua grustak og næringsområde (2015-03-17, 100 % of the site)"
AK_BA_004,Franzefoss Pukk avd. Steinskogen,ok,verified,601975,307596,1453,295691,246780,25/16,25/1 (254308 of 1049199 m²); 115/1 (1088 of 198191 m²); 116/1 (93348 of 417670 m²); 201/11 (3532 of 17600 m²),,3201/2002003 STEINBRUDDET STEINSHØGDA | 3201/2020009 UTVIDELSE AV STEINBRUDD PÅ STEINSHØGDA,"activity field, after-use zoning under worked ground, road field of the facility plan, plan outline (the register holds no fields for this plan)",,"worked outline redrawn 2026-10-06: quarry pit, stockpile area to the north-west, stripped ground north of the pit and the yard at the entrance; DMF licence KB-032/24 (330827 m2); 2026-10-06 plan check: reguleringsplan under the site: STEINBRUDDET STEINSHØGDA (2004-04-28, 90 % of the site); UTVIDELSE AV STEINBRUDD PÅ STEINSHØGDA (2024-06-14, 9 % of the site)"
AK_NA_003,Nannestad Massesenter,ok,verified,139958,111099,12507,41301,1781,135/10,"135/3, 136/6 (155272 of 481087 m²); 135/1-2 (1220 of 439685 m²); 160/5 (1596 of 129444 m²)",,3238/13-01 Tangen pukkverk,"activity field, road field of the facility plan, other field of the facility plan",,"worked outline redrawn 2026-10-06: pit and stockpile area; the cleared slope to the north-west is left out; DMF licence KB-086/14 (136724 m2); 2026-10-06 plan check: reguleringsplan under the site: Tangen pukkverk (2018-05-02, 100 % of the site)"
AK_NA_002,Herstua deponi for inert avfall og lettere forurensede masser,ok,check,113062,91038,,21863,,,,,3238/11-01 Herstua grustak og næringsområde,activity field,,"worked outline redrawn 2026-10-06: the pit and fill area west and south of the plant. The split between the two Herstua rows is by eye, not from a document; the cultivated field to the north-west shows deposit in the 2007-2020 terrain-change run and is left out; after Paolo's review 2026-10-06: same outline as Herstua Grus: the pit on parcel 144/51. The register point of the landfill (norskeutslipp) lies inside it and the Herstua Grus permit says the landfill is on the same area; the landfill's own permit was not read for its parcel; 2026-10-06 plan check: reguleringsplan under the site: Herstua grustak og næringsområde (2015-03-17, 100 % of the site)"
AK_LI_006,Brånåsen (Brånåsdalen) nedlagte avfallsdeponi,no zoning found (outline from register),verified,,122582,,,,,,,,,,"closed landfill: register outline (grunnforurensning lok 668: Brånåsen avfallsdeponi); 2026-10-06 plan check: reguleringsplan under the site: Holtområdet (1984-04-06, 78 % of the site); Reguleringsplan for Vestre Nitteberg (2012-03-28, 6 % of the site); Nylendlia skianlegg (1984-07-02, 5 % of the site); HAUGENSTUA OG SOLHEIM, DELFELT B9 OG B10, HOLTOMRÅDET (1991-05-27, 4 % of the site); Brånås gassavbrenningsanlegg. (2005-06-22, 3 % of the site)"
AK_LI_007,Løvås avfallsdeponi,no zoning found (outline from register),verified,,28565,,,,,,,,,,closed landfill: register outline (grunnforurensning lok 608: LØVÅS); 2026-10-06 plan check: no reguleringsplan in the national register under the site
AK_GJ_001,Hellen avfallsdeponi,no zoning found (outline from register),verified,,22937,,,,,,,,,,closed landfill: register outline (grunnforurensning lok 721: Hellen søppelplass); 2026-10-06 plan check: no reguleringsplan in the national register under the site
AK_EN_001,Feiring Bruk AS avd. Heier Pukkverk (Enebakk),ok,verified,215915,70522,,145792,240058,52/1/1/1 55/1/1/1,127/50 (1536 of 9410 m²),yes,3220/453 HEIER PUKKVERK,"activity field, after-use zoning under worked ground, road field of the facility plan",,"worked outline redrawn 2026-10-06: quarry pit and yard; DMF licence KB-175/14 (203395 m2); 2026-10-06 plan check: reguleringsplan under the site: HEIER PUKKVERK (2016-12-05, 99 % of the site)"
AK_NI_002,Holm avfallsdeponi,no zoning found (outline from register),verified,,55359,,,,,,,,,,closed landfill: register outline (grunnforurensning lok 705: HOLM SØPPELFYLLPLASS); 2026-10-06 plan check: no reguleringsplan in the national register under the site
AK_RA_001,Nes avfallsdeponi,ok,verified,98472,30374,,68113,281923,86/11 86/30 86/1 85/16 85/5 85/1,86/8 (146324 of 304685 m²); 85/2 (46492 of 105604 m²); 85/2 (9020 of 22909 m²); 83/10 (54988 of 168882 m²),,3224/122 Nes fyllplass,plan outline (the register holds no fields for this plan),,"permitted removed: closed landfill, earlier zoning was distance-seeded onto another plan | closed landfill: register outline (grunnforurensning lok 630: NES SØPPELPLASS) | seeded by nearest field 189 m from pin; 2026-10-06 plan check: reguleringsplan under the site: Nes fyllplass (1989-11-06, 100 % of the site)"
AK_LO_001,Nordlimyra avfallsdeponi,ok,verified,,97625,,,39671,150/33 109/28 101/94 109/23 101/105 101/149,150/31 (3936 of 46475 m²); 109/21 (1200 of 6770 m²),,,,,"permitted removed: closed landfill, earlier zoning was distance-seeded onto another plan | closed landfill: register outline (grunnforurensning lok 639: Nordlimyra) | seeded by nearest field 93 m from pin; 2026-10-06 plan check: reguleringsplan under the site: Åsen og Løkenåsen skoler (2025-10-29, 40 % of the site); Lørenskog grønne sentrum,  del av Torshov, Hammer, Røiri, Norum og Nordli. (2007-06-20, 37 % of the site); Sentrum øst - gjenvinningsstasjon (2012-03-07, 22 % of the site)"
AK_AA_001,Bølstad avfallsdeponi,ok,verified,122208,73390,14916,63744,67367,99/14 58/2,"99/12 (17084 of 107687 m²); 58/1, 59/3 (67860 of 150501 m²)",,3218/113 Reguleringsplan med reguleringsbestemmelser for Bølstad søppelfylling,"after-use zoning under worked ground, activity field, farm or forest field of a deposit plan",,"worked outline redrawn 2026-10-06: closed landfill: outline of the Miljødirektoratet register (grunnforurensning) [Bølstad avfallsdeponi (BØLSTAD) [Kommunalt deponi, Avsluttet] Lokalitet_ID 437]; 2026-10-06 plan check: reguleringsplan under the site: Reguleringsplan med reguleringsbestemmelser for Bølstad søppelfylling (1992-03-25, 85 % of the site)"
AK_AS_002,Mortensrud avfallsdeponi,ok,check,,,,,,,,,"3203/062720150342 Detaljregulering for steinbrudd, mellomlagring og massetipp 26/1 Hotvet gård","activity:direct, facility plan:lnf, facility plan:ops, facility plan:road",,"worked outline redrawn 2026-10-06: closed landfill: outline of the Miljødirektoratet register (grunnforurensning). The register polygon covers fields, forest and house plots and is far larger than any fill visible today; the earlier trace marked a few house plots [MORTENSRUD [Kommunalt deponi, Uavklart] Lokalitet_ID 2624]; after Paolo's review 2026-10-06: register polygon lok 2624 MORTENSRUD (kommunalt deponi, status uavklart): it follows property lines over 27 ha of fields, forest and house plots, so it is not drawn as worked ground; the fill itself is not located. The earlier permitted outline was the plan for a quarry and massetipp at Hotvet gård (26/1), another site"
AK_EI_003,Myrer I - deponi,no zoning found (outline from register),verified,,6424,,,,,,,,,,closed landfill: register outline (grunnforurensning lok 836: Myrer søppelplass 1); 2026-10-06 plan check: no reguleringsplan in the national register under the site
AK_AS_003,Nilsemarka avfallsdeponi,rejected: zoning seeded onto another site or a tiny field,verified,86933,83715,2703,6289,,,,,3203/0627173 Fylling Nilsemarka,"after-use zoning under worked ground, field of the facility plan (general code), road field of the facility plan",,"permitted removed: closed landfill, earlier zoning was distance-seeded onto another plan | closed landfill: register outline (grunnforurensning lok 2625: Nilsemarka (Slemmestad A/S NORCEM)) | seeded by nearest field 72 m from pin; 2026-10-06 plan check: reguleringsplan under the site: Fylling Nilsemarka (2008-10-23, 96 % of the site)"
AK_EI_004,Myrer II - deponi,no zoning found (outline from register),verified,,23750,,,,,,,,,,closed landfill: register outline (grunnforurensning lok 828: Myrer søppelplass 2); 2026-10-06 plan check: no reguleringsplan in the national register under the site
AK_NF_001,Paddetjern deponi,no zoning found (outline from register),verified,,56602,,,,,,,,,,closed landfill: register outline (grunnforurensning lok 418: PADDETJERN); 2026-10-06 plan check: no reguleringsplan in the national register under the site
OF_FR_002,Øra avfallsplass - deponi,no zoning found (outline from imagery),verified,194246,217328,43365,20317,,,,,3107/599 Reguleringsplan for Øra Syd,"activity field, general-code field under worked ground",,"active site: hand-traced on imagery; 2026-10-06 plan check: reguleringsplan under the site: Reguleringsplan for Øra Syd (2010-06-17, 100 % of the site)"
OF_FR_001,Borge pukkverk avfallsdeponi (Borge Massemottak),ok,verified,282267,171086,12927,124156,396467,628/1 631/1 662/15 655/4 662/40 662/26 662/35 662/39 662/36 655/12,"617/5, 618/1 (11276 of 125563 m²); 628/2 (31380 of 71547 m²); 662/4,11 (28724 of 95725 m²); 506/29 (1932 of 9836 m²)",,3107/1005 Utvidelse av Lindalen masseuttak | 3107/446 Lindalen masseuttak,"road field of the facility plan, other field of the facility plan, after-use zoning under worked ground, field of the facility plan (general code), industry field of the facility plan, activity field, farm or forest field of a deposit plan",,"worked outline redrawn 2026-10-06: upper quarry and yard to the north-east, the landfill pit, and the crushing plant and yard to the south-west; the forest block to the north-west is left out; DMF licence KB-01/13 (90962 m2); 2026-10-06 plan check: reguleringsplan under the site: Utvidelse av Lindalen masseuttak (2012-10-18, 62 % of the site); Lindalen masseuttak (2000-06-22, 35 % of the site)"
OF_SA_001,Gatedalen miljøanlegg - deponi,ok,verified,188964,77929,,111037,165195,1047/3 1047/271 640/30 640/4 640/76 640/29,1047/3 (40824 of 575630 m²); 640/4 (1576 of 48034 m²); 640/1 (3028 of 182303 m²),,3105/28002 Søppelfyllingsplass i Gatedalen | 3107/422 Gatedalen renovasjonsanlegg,"activity field, industry field of the facility plan, farm or forest field of a deposit plan",,"worked outline redrawn 2026-10-06: reception yards, halls and the compost and landfill area south of them; the road works to the north and the field are left out; 2026-10-06 plan check: reguleringsplan under the site: Søppelfyllingsplass i Gatedalen (1974-12-19, 92 % of the site); Gatedalen renovasjonsanlegg (1998-04-30, 8 % of the site)"
OF_MO_001,Solgård avfallsplass - deponi,ok,check,512175,346207,7664,174306,804414,3/2198 3/2308 3/2307 2/2540 3/2622 3/2622 3/2888 3/2621 3/2722,14/23 (10404 of 67720 m²); 3/2052 (10732 of 68518 m²); 3/2063 (4636 of 276478 m²); 14/17 (2248 of 383010 m²),,"3103/239 Solgaard, Renovasjonsanlegg mv. | 3103/389E Solgård Avfallsplass","road field of the facility plan, after-use zoning under worked ground, activity field, industry field of the facility plan, other field of the facility plan",,"worked outline redrawn 2026-10-06: landfill and plant area as a whole (active cells to the south, reception and halls to the north); edge follows the changed ground of the 2007-2020 terrain-change run. Coarse: drawn at 2.4 m per pixel; 2026-10-06 plan check: reguleringsplan under the site: Solgård Avfallsplass (2025-02-11, 73 % of the site); Solgaard, Renovasjonsanlegg mv. (1994-05-06, 26 % of the site)"
OF_HA_001,Rokke avfallsanlegg - deponi,ok,verified,194905,138765,6640,62641,234340,113/15 113/16 100/8 114/14 100/7,113/3 (4128 of 51581 m²); 501/83 (2004 of 68680 m²); 100/9 (3104 of 9696 m²),,3101/G-629 Rokke avfallsplass,"activity field, after-use zoning under worked ground, road field of the facility plan",,"worked outline redrawn 2026-10-06: whole site: reception yard to the north, halls and sorting yards, landfill body, and the quarried ground to the south; DMF licence KB-051/17 (32775 m2); 2026-10-06 plan check: reguleringsplan under the site: Rokke avfallsplass (2011-02-10, 97 % of the site)"
OF_RA_001,Kopla avfallsplass (betjent miljøstasjon),ok,verified,47633,9065,,38568,47217,5/1/111/111,5/1 (1720 of 346469 m²),yes,3120/19910003 Kopla renovasjonsplass,"activity field, road field of the facility plan",,"active site: hand-traced on imagery; 2026-10-06 plan check: reguleringsplan under the site: Kopla renovasjonsplass (1991-11-07, 100 % of the site)"
OF_IO_003,Stegen avfallsanlegg - deponi,ok,verified,203791,148030,11941,67837,168467,57/2/2 57/2/1 57/32 69/32 65/7 56/2,57/13 (16204 of 41696 m²); 57/2 (4124 of 167382 m²); 100/23 (2820 of 109416 m²); 69/9 (2404 of 40138 m²),,"3118/012419760007 Ny fyllplass Stegen | 3118/012420140001 Detaljregulering for del av Stegen avfallsanlegg, gnr/bnr 57/2 m.fl.","activity field, road field of the facility plan",,"worked outline redrawn 2026-10-06: reception yards and halls, and the landfill arm to the north-east; 2026-10-06 plan check: reguleringsplan under the site: Detaljregulering for del av Stegen avfallsanlegg, gnr/bnr 57/2 m.fl. (2017-02-16, 69 % of the site); Ny fyllplass Stegen (1976-12-22, 24 % of the site)"
OF_FR_003,Norsk Gjenvinning AS avd. ØGAS,no zoning found (outline from imagery),verified,94602,23962,517,71170,23962,303/1624 303/1739 303/1740,,,3107/599 Reguleringsplan for Øra Syd,activity field,,"active site: parcel 303/1212/0 = facility yard (checked on imagery); to check (2026-10-06): the parcel is a process plant east of the road; the register polygon for the site is the scrap yard west of the road (the outline of OF_FR_004); after Paolo's review 2026-10-06: parcels 303/1624, 303/1739 and 303/1740, the three named on permit 2017.1058.T: one hall with its yards, south of the process plant on 303/1212. The sheet point (address point of Habornveien 61) lies in that plant, about 250 m north of the hall; 2026-10-06 plan check: reguleringsplan under the site: Reguleringsplan for Øra Syd (2010-06-17, 100 % of the site)"
OF_FR_004,Norsk Gjenvinning AS avd. Øra,no zoning found (outline from imagery),verified,92030,84515,676,8222,,,,,3107/599 Reguleringsplan for Øra Syd,industry zoning under worked ground,,"active site: parcel 303/1725/0 = facility yard (checked on imagery); 2026-10-06 plan check: reguleringsplan under the site: Reguleringsplan for Øra Syd (2010-06-17, 100 % of the site)"
OF_IO_004,Hobøl Massemottak,ok,verified,210248,180772,11260,41014,260470,855/11 855/10 855/13 855/14 857/8,918/55 (1788 of 9589 m²); 855/2 (22544 of 73651 m²),,3118/013819920001 Hobøl Pukkverk - Høgåsen Industriområde | 3118/013820030001 Hobøl Pukkverk,"activity field, after-use zoning under worked ground, road field of the facility plan",,"worked outline redrawn 2026-10-06: pit and fill area with the entrance buildings; DMF licence KB-176/14 (205144 m2); 2026-10-06 plan check: reguleringsplan under the site: Hobøl Pukkverk - Høgåsen Industriområde (1992-06-22, 63 % of the site); Hobøl Pukkverk (2003-03-17, 37 % of the site)"
VF_HM_001,Noah Solutions Langøya,ok,verified,759772,759543,42807,43696,0,,508/1 (144172 of 986914 m²),,"3903/20100004 Områdeplan for Langøya gnr 8 bnr 1 | 3903/20120015 Langøya - Nordbruddet | 3903/20140027 Detaljreguleringsplan for Sydbruddet, Langøya","industry zoning under worked ground, after-use zoning under worked ground, other field of the facility plan",,"active site: hand cut of the forested tips/fringe, intersected with the register shoreline (whole island is landfill/industry) | seeded by nearest field 77 m from pin; 2026-10-06 plan check: reguleringsplan under the site: Detaljreguleringsplan for Sydbruddet, Langøya (2022-10-17, 41 % of the site); Langøya - Nordbruddet (2013-12-10, 38 % of the site); Områdeplan for Langøya gnr 8 bnr 1 (2022-10-17, 21 % of the site)"
VF_LA_001,Norsk Gjenvinning avfallsanlegg Grinda,rejected: zoning seeded onto another site or a tiny field,verified,113466,86837,26387,53087,,,,,3909/199.01 Grinda avfallsanlegg - SVA | 3909/199.03 Grinda avfallsanlegg - SVA | 3909/199.04 Grinda avfallsanlegg - SVA,"activity field, road field of the facility plan, industry zoning under worked ground",,"active site: imagery trace of the landfill cells + hand-traced plant yard | seeded by nearest field 111 m from pin; to check (2026-10-06): kept from 30 September; fragmented, and the quarry at the north end may belong to another operator; after Paolo's review 2026-10-06: ground in use on and beside parcel 2008/322 and 2008/436 (Lågendalsveien 89 and 87, the addresses printed on the permit): the halls at the permit point with their yards, the scrap yard, the compost and wood area, and the yards to the north-east. Left out as other sites: the quarry and asphalt plant to the north (reguleringsplan 'Hedrum pukkverk') and the household recycling station (reguleringsplan 'Grinda gjenvinningsstasjon', Lågendalsveien 83); 2026-10-06 plan check: reguleringsplan under the site: Grinda avfallsanlegg - SVA (1989-11-01, 95 % of the site); Grinda avfallsanlegg - SVA (1996-08-29, 3 % of the site); Grinda avfallsanlegg - SVA (1999-06-08, 2 % of the site)"
VF_SA_001,Kastet gjenvinningsstasjon,rejected: zoning seeded onto another site or a tiny field,verified,,27742,,,,,,,,,,active site: hand-traced recycling station yard (closed Kastet landfill to the south stays as register; it shows earthworks) | seeded by nearest field 443 m from pin; 2026-10-06 plan check: no reguleringsplan in the national register under the site
VF_HO_001,Kopstad Massemottak AS,rejected: zoning seeded onto another site or a tiny field,verified,,277188,,,,,,,,,,"active site: imagery trace of the fill area + hand-traced dark fill by the E18 | seeded by nearest field 205 m from pin; worked outline redrawn 2026-10-06: fill area between the E18 and the railway, from the dark fill at the north end to the stockpile rows at the south end; the paved terminal by the railway is left out; 2026-10-06 plan check: reguleringsplan under the site: Kopstad godsterminal - Endring (2023-11-14, 94 % of the site); Toplanskryss E18 - Helland (2023-06-15, 6 % of the site); 2026-10-06 (plan step): fill area between the E18 and the railway, from the dark fill at the north end to the stockpile rows at the south end; the paved terminal by the railway is left out. 94 % of the fill lies in the plan 'Kopstad godsterminal - Endring' (2023), zoned Godsterminal: no zoning for a mass reception as such"
VF_TO_001,Franzefoss Gjenvinning Vestfold,ok,verified,43537,36428,736,8168,479756,38/5 34/22 36/5 36/11,,,3905/15003 Taranrød fyllplass,industry field of the facility plan,,"permitted removed: earlier zoning match was wrong; zoning not in national plan database | active site: traced yard (built-up allowed), checked on imagery | seeded by nearest field 80 m from pin; 2026-10-06 plan check: reguleringsplan under the site: Taranrød fyllplass (2003-12-03, 99 % of the site)"
BU_DR_002,Lindum AS avd. Drammen - avfallsdeponi,ok,verified,257788,241941,31107,47195,323235,36/136 38/2/3/3 38/2/2/2,"42/8 (2956 of 57203 m²); 42/2 (5028 of 36359 m²); 33/2, 36/14 (1084 of 614602 m²)",yes,3301/0602324 Detaljregulering for Lindum avfallsanlegg,activity field,,"worked outline redrawn 2026-10-06: landfill cells, compost and wood yards, halls and offices; the municipal recycling station at the north-west corner is drawn separately; 2026-10-06 plan check: reguleringsplan under the site: Detaljregulering for Lindum avfallsanlegg (2019-04-30, 100 % of the site)"
BU_DR_003,Lerpeveien gjenvinningsstasjon,ok,check,257788,19494,,238359,322811,38/2/3/3 38/2/2/2,"42/8 (2736 of 57203 m²); 42/2 (4808 of 36359 m²); 33/2, 36/14 (1072 of 614602 m²)",yes,3301/0602324 Detaljregulering for Lindum avfallsanlegg,activity field,,"worked outline redrawn 2026-10-06: yard and ramp of the recycling station at the north-west corner of the Lindum site; its limit towards Lindum is drawn by eye; 2026-10-06 plan check: reguleringsplan under the site: Detaljregulering for Lindum avfallsanlegg (2019-04-30, 100 % of the site)"
BU_DR_004,Mile gjenvinningsstasjon,no zoning found (outline from imagery),verified,135690,38424,1590,98888,,,,,"3301/062519920001 MJ 05, Mile fyllplass | 3301/062519980001 MJ 02, Mjøndalen industriområde, GBNr 10/142","activity field, industry zoning under worked ground, field of the facility plan (general code), road field of the facility plan",,"active site: parcel 210/211/0 = facility yard (checked on imagery); 2026-10-06 plan check: reguleringsplan under the site: MJ 05, Mile fyllplass (1992-08-19, 97 % of the site); MJ 02, Mjøndalen industriområde, GBNr 10/142 (1998-05-13, 3 % of the site)"
BU_DR_005,Mile avfallsdeponi,no zoning found (outline from register),verified,93147,89826,4456,7752,,,,,"3301/062519920001 MJ 05, Mile fyllplass","activity field, road field of the facility plan, field of the facility plan (general code)",,"closed landfill: register outline (grunnforurensning lok 2555: Mile avfallsdeponi); 2026-10-06 plan check: reguleringsplan under the site: MJ 05, Mile fyllplass (1992-08-19, 97 % of the site); MJ 02, Mjøndalen industriområde, GBNr 10/142 (1998-05-13, 3 % of the site)"
BU_LI_001,Egge I - inert deponi,ok,verified,106096,43566,7415,69945,719747,"127/1 65/69 127/25 65/35 127/23 127/22 65/40 65/6 127/3 65/5 65/5 65/39 65/39 65/36 65/1,37 65/66 127/10 65/68 65/50 65/34 127/21 67/28",65/22 (36064 of 81839 m²); 128/4 (2880 of 159383 m²); 128/1 (1500 of 38942 m²); 127/3 (22272 of 305792 m²); 67/4 (26180 of 164553 m²); 67/19 (4512 of 42301 m²); 65/1 (32888 of 80164 m²); 65/23 (7708 of 20529 m²),,3312/2020-04 Detaljregulering for utvidelse av Egge massedeponi med konsekvensutredning,"activity field, after-use zoning under worked ground, road field of the facility plan, farm or forest field of a deposit plan",,"worked outline redrawn 2026-10-06: the western fill, where the point is. Which of the two worked areas is Egge I and which Egge II is not confirmed by a document; 2026-10-06 plan check: reguleringsplan under the site: Detaljregulering for utvidelse av Egge massedeponi med konsekvensutredning (2021-10-12, 90 % of the site); 2026-10-06 (plan step): the fill outside parcel 65/66, where the permit point is. Egge II is the part on parcel 65/66"
BU_LI_002,Egge II - inert deponi,ok,verified,106096,18081,,88016,719747,"127/1 65/69 127/25 65/35 127/23 127/22 65/40 65/6 127/3 65/5 65/5 65/39 65/39 65/36 65/1,37 65/66 127/10 65/68 65/50 65/34 127/21 67/28",65/22 (36064 of 81839 m²); 128/4 (2880 of 159383 m²); 128/1 (1500 of 38942 m²); 127/3 (22272 of 305792 m²); 67/4 (26180 of 164553 m²); 67/19 (4512 of 42301 m²); 65/1 (32888 of 80164 m²); 65/23 (7708 of 20529 m²),,3312/2022-05 Detaljregulering med konsekvensutredning for Lyngås næringsområde | 3312/504-906-08 Lyngås massetak,"industry zoning under worked ground, plan outline (the register holds no fields for this plan)",,"worked outline redrawn 2026-10-06: the large quarry and fill east of the stream. Which of the two worked areas is Egge I and which Egge II is not confirmed by a document; 2026-10-06 plan check: reguleringsplan under the site: Lyngås massetak (1999-03-16, 89 % of the site); Detaljregulering med konsekvensutredning for Lyngås næringsområde (2024-05-07, 11 % of the site); 2026-10-06 (plan step): the part of the Egge fill on parcel 65/66, the parcel named on permit 2022.0483.T (Egge II is an extension of Egge I). The large quarry 600 m to the east, drawn as Egge II until now, is two other sites in the DMF register: Lyngås (Franzefoss Pukk AS, licence KB-188/14) and Lier Grustak (NCGS AS, licence KB-004/19)"
BU_LI_004,Lier avfallsdeponi,ok,verified,40274,29071,3137,14199,0,,126/1 (9580 of 77536 m²),,3312/504-906-04 Haarberg grovfyllplass,plan outline (the register holds no fields for this plan),,"permitted removed: closed landfill, earlier zoning was distance-seeded onto another plan | closed landfill: register outline (grunnforurensning lok 13365: Lier avfallsdeponi ) | seeded by nearest field 265 m from pin; 2026-10-06 plan check: reguleringsplan under the site: Haarberg grovfyllplass (1994-02-01, 89 % of the site); 2026-10-06 (plan step): the register gives 'Haarberg grovfyllplass' plan status 8 (overridden), and holds no fields for it"
TE_SK_002,NCC Grenland Massegjenvinning,ok,verified,143457,75228,5895,74163,0,,"202/2 (143044 of 308162 m²); 403/1 (2956 of 102942 m²); 201/1,3,5 (6216 of 89090 m²)",,4003/2023002 Detaljregulering for del av gbnr. 202/2 m.m. - Grenland Massegjenvinning,"industry field of the facility plan, after-use zoning under worked ground, activity field, farm or forest field of a deposit plan, other field of the facility plan, road field of the facility plan",,"worked outline redrawn 2026-10-06: pit, stockpile areas and the fill to the south-west; the farm and the house at the road are left out; DMF licence KB-019/18 (37259 m2); 2026-10-06 plan check: reguleringsplan under the site: Detaljregulering for del av gbnr. 202/2 m.m. - Grenland Massegjenvinning (no date, 98 % of the site)"
TE_SK_001,Bjorstaddalen Næring deponi,ok,check,558905,104613,3781,458044,94084,235/58,235/10 (42828 of 362152 m²); 235/57 (71976 of 3451070 m²); 235/55 (38496 of 95366 m²),,4003/612 Reguleringsplan for et område i Bjorstddalen og ved Slettemo,activity field,,"active site: imagery trace north of the stream (deponi + yard); clear-cut to the south excluded | seeded by nearest field 228 m from pin; worked outline redrawn 2026-10-06: deposit and sorting area north of the stream. The timber terminal to the west and the halls to the east are left out: not known to belong to the facility; after Paolo's review 2026-10-06: deposit and sorting area north of the stream. The timber terminal to the west lies in the same plan field (Felt B) but is left out: not known to belong to the facility; 2026-10-06 plan check: reguleringsplan under the site: Reguleringsplan for et område i Bjorstddalen og ved Slettemo (1990-03-29, 96 % of the site)"
TE_NO_001,Goasholtmyra avfallsanlegg - deponi,ok,check,141443,100222,1761,43043,163720,43/173,42/510 (14412 of 68515 m²); 43/175 (29444 of 63748 m²),,4005/222 Goasholtmyra avfallsdeponi,activity field,,"worked outline redrawn 2026-10-06: reception station, capped landfill and the compost and sorting yards. The two quarried areas nearby (north of the site and south-west of it) are left out: not known to belong to the facility; 2026-10-06 plan check: reguleringsplan under the site: Goasholtmyra avfallsdeponi (1992-06-18, 100 % of the site)"
TE_KR_001,Nilsbukjerr restavfallsdeponi,no zoning found (outline from imagery),verified,91353,88975,21618,23976,,,,,4014/199074 Nilsbukjerr,"activity field, industry field of the facility plan, road field of the facility plan, field of the facility plan (general code)",,"active site: hand-traced on imagery; worked outline redrawn 2026-10-06: landfill cells, reception area and the bare ground at the east end; the industrial yard north of the entrance is left out; 2026-10-06 plan check: reguleringsplan under the site: Nilsbukjerr (1990-11-15, 76 % of the site)"
TE_PO_001,Pasadalen avfallsfylling,ok,verified,,60976,,,53739,50/6 46/1474 600/4,46/325 (18352 of 912498 m²); 50/151 (43336 of 123632 m²); 511/1 (1716 of 82022 m²),,4001/645 Deponi for rene masser i Pasadalen,"other field of the facility plan, road field of the facility plan, activity field, farm or forest field of a deposit plan, industry field of the facility plan",,"permitted removed: closed landfill, earlier zoning was distance-seeded onto another plan | closed landfill: register outline (grunnforurensning lok 2962: Pasadalen avfallsdeponi) | seeded by nearest field 43 m from pin; 2026-10-06 plan check: reguleringsplan under the site: Deponi for rene masser i Pasadalen (2022-09-08, 40 % of the site); Vestfoldbanen parsell 12.2 dobbeltspor - med endring (2012-06-07, 11 % of the site); 2026-10-06 (plan step): closed landfill: register outline (grunnforurensning lok 2962: Pasadalen avfallsdeponi). The plan 'Deponi for rene masser i Pasadalen' (2022) lies north of and partly over the old landfill: a new deposit for clean masses, not the zoning of the closed landfill, so it is not drawn as permitted here"
IN_HA_001,Heggvin Alun - alunskiferdeponi,ok,check,476806,416673,637,60666,596036,202/148 202/152 159/6,,,3403/068500 DETALJREGULERING FOR HEGGVIN AVFALL OG GJENVINNING,"activity field, road field of the facility plan",,"worked outline redrawn 2026-10-06: same outline as the Heggvin landfill: the place of the alum-shale cell inside the site is not confirmed by a document; 2026-10-06 plan check: reguleringsplan under the site: DETALJREGULERING FOR HEGGVIN AVFALL OG GJENVINNING (2015-05-27, 100 % of the site)"
IN_HA_002,Sirkula IKS - Heggvin avfallsdeponi og sorteringsanlegg,ok,verified,476806,416673,637,60666,596036,202/148 202/152 159/6,,,3403/068500 DETALJREGULERING FOR HEGGVIN AVFALL OG GJENVINNING,"activity field, road field of the facility plan",,"worked outline redrawn 2026-10-06: whole Heggvin site: stripped ground at the north end, landfill cells, and the reception and plant area to the south; 2026-10-06 plan check: reguleringsplan under the site: DETALJREGULERING FOR HEGGVIN AVFALL OG GJENVINNING (2015-05-27, 100 % of the site)"
IN_GJ_001,Horisont Miljøpark IKS - deponi kategori 2,ok,verified,288133,198620,4212,93748,252297,50/30 50/30,65/94 (26896 of 396590 m²); 257/65 (11544 of 27749 m²); 50/8 (6464 of 456898 m²),,3407/05020393 Dalborgmarka miljøpark,"activity field, road field of the facility plan",,"worked outline redrawn 2026-10-06: whole site between the road and the forest: compost and wood yards to the north, halls, landfill and stockpiles to the south; 2026-10-06 plan check: reguleringsplan under the site: Dalborgmarka miljøpark (2018-06-14, 98 % of the site)"
IN_LI_002,GLØR Roverudmyra deponi kategori 2,ok,verified,435960,218590,12225,229553,515887,90/19 90/19 95/20/1/1 95/20/3 95/20/2 95/20 95/20 95/25,90/1 (1192 of 268944 m²); 90/1 (4640 of 43803 m²); 95/1 (11456 of 1221846 m²),yes,"3405/2019p142e01 Roverudmyra miljøstasjon, steinbrudd og pukkverk","activity field, after-use zoning under worked ground, road field of the facility plan",,"worked outline redrawn 2026-10-06: whole site: sealed pad to the north, halls, compost and wood yards, landfill part to the south-west and the quarried ground at the south end; clear-cuts to the west and south-east left out; 2026-10-06 plan check: reguleringsplan under the site: Roverudmyra miljøstasjon, steinbrudd og pukkverk (2020-06-17, 100 % of the site)"
IN_GJ_002,Åndalen massemottak (Gjøvik massesenter),ok,verified,209299,199093,14656,24599,36540,45/8 45/30,45/44 (1388 of 12083 m²); 45/1 (101876 of 234078 m²); 46/1 (93772 of 295663 m²); 45/6 (8264 of 51776 m²); 45/2 (2616 of 274430 m²),,3407/05020387 Åndalen Pukkverk,"activity field, after-use zoning under worked ground, road field of the facility plan",,"worked outline redrawn 2026-10-06: quarry and reception area: the pit to the east, the plant, and the western pit and fill; DMF licence KB-060/14 (199355 m2); 2026-10-06 plan check: reguleringsplan under the site: Åndalen Pukkverk (2018-06-14, 98 % of the site)"
IN_ST_001,Brynsåsen steinbrudd / massemottak,ok,verified,165847,119783,2360,48249,222705,244/1,442/4 (2208 of 12155 m²); 453/5 (8536 of 89894 m²),,3413/211 BRYNSÅSEN STEINBRUDD,"activity field, road field of the facility plan",,"worked outline redrawn 2026-10-06: quarry pit including the two pit lakes and the fill inside it; DMF licence KB-051/14 (153835 m2); 2026-10-06 plan check: reguleringsplan under the site: BRYNSÅSEN STEINBRUDD (2010-10-06, 100 % of the site)"
IN_HA_003,Vang grustak,ok,verified,752229,254743,6695,504242,811832,34/1 33/2 33/2 33/1 33/1 206/1,33/1/4 (3780 of 45254 m²); 33/1 (184048 of 469655 m²),,3403/072601 Detaljregulering Vang grustak Øst - Utvidelse  | 3403/577MVE1 MINDRE VESENTLIG ENDRING AV REGULERINGSPLAN FOR VANG GRUSTAK,"other field of the facility plan, activity field, road field of the facility plan, field of the facility plan (general code)",,"worked outline redrawn 2026-10-06: open pit areas along the valley: the plant area at the entrance, the pit east of the road, the pits towards the river and the southern pit. Restored farmland between them is left out, and so is the separate pit further south-east; DMF licence KB-004/23 (31395 m2), KB-053/14 (140655 m2); 2026-10-06 plan check: reguleringsplan under the site: MINDRE VESENTLIG ENDRING AV REGULERINGSPLAN FOR VANG GRUSTAK (2003-03-05, 63 % of the site); Detaljregulering Vang grustak Øst - Utvidelse  (2021-12-15, 37 % of the site)"
IN_HA_004,Vang grustak - snødeponi,ok,unresolved,752728,,,,811832,34/1 33/2 33/2 33/1 33/1 206/1,33/1/4 (3780 of 45254 m²); 33/1 (184048 of 469655 m²),,3403/577MVE1 MINDRE VESENTLIG ENDRING AV REGULERINGSPLAN FOR VANG GRUSTAK | 3403/072601 Detaljregulering Vang grustak Øst - Utvidelse ,"activity:direct, activity:weak, facility plan:ops, facility plan:road",,2026-10-06: no outline of its own: the permit places the snow deposit ('snødeponi nord') on gnr/bnr 34/1 inside Vang grustak and does not locate it more closely
IN_VT_001,Raufoss næringspark - hydroksiddeponi,no zoning found (outline from imagery),verified,,7793,,,,,,,,,,"active site: hand-traced on imagery; 2026-10-06 plan check: reguleringsplan under the site: Raufoss Industripark (2022-09-01, 100 % of the site)"
IN_KO_001,Korperud fyllplass,no zoning found (outline from imagery),verified,,78931,,,,,,,,,,active site: hand-traced on imagery; 2026-10-06 plan check: no reguleringsplan in the national register under the site
IN_EL_001,Deponitomta industrideponi (Sperre Støperi),ok,verified,20632,10825,,10206,25569,13/910 34/120,,,3420/199205 Deponeringsområde terningåa,"activity field, industry field of the facility plan",,"worked outline redrawn 2026-10-06: closed deposit: open, sparsely vegetated plateau and slope above the stream; 2026-10-06 plan check: reguleringsplan under the site: Deponeringsområde terningåa (1995-03-27, 96 % of the site)"
AK_NE_002,Nes Miljøpark jordvaskeanlegg,ok,check,343696,250132,1212,94780,424711,93/23/1 93/23 23/66 93/19,23/1 (1340 of 224765 m²); 93/1 (1340 of 790502 m²),,3228/2016016 Esval Miljøpark,"after-use zoning under worked ground, activity field, road field of the facility plan",,"worked outline redrawn 2026-10-06: same outline as Esval Miljøpark: the place of the soil-washing plant inside the site is not confirmed by a document; 2026-10-06 plan check: reguleringsplan under the site: Esval Miljøpark (2021-04-20, 100 % of the site)"
AK_ND_002,Franzefoss Pukk avd. Nesodden,outline from imagery inside the DMF licence area,verified,,62177,,,,,,,,,,2026-10-06 (licence step): quarry pit inside licence KB-341/14; the access road and the wooded north-eastern corner of the licence are left out; DMF licence KB-341/14 (83408 m2); 2026-10-06 plan check: no reguleringsplan in the national register under the site
VF_TO_002,Re Pukkverk,outline from imagery inside the DMF licence area,verified,89426,70899,,18454,,,,,3905/20130020 Re Pukkverk,"activity field, after-use zoning under worked ground, road field of the facility plan",,"2026-10-06 (licence step): quarry pit inside licence KB-037/17. The quarry to the east is another uttak in the DMF register (Himberg Pukkverk, uttak 221) and is left out; DMF licence KB-037/17 (108409 m2); 2026-10-06 plan check: reguleringsplan under the site: Re Pukkverk (2016-10-25, 100 % of the site)"
IN_OS_001,Ulvedalen massetak,outline from imagery inside the DMF licence area,verified,91302,50466,2352,43454,,,,,3453/0544R2010-03 Ulvedalen fjelltak,"activity field, road field of the facility plan, industry field of the facility plan",,"2026-10-06 (licence step): quarry pit inside licence KB-008/22, the plant area with the hall to the north-west and the stockpile north of the road; the stripped but unworked ground in the north-east of the licence is left out; DMF licence KB-008/22 (57715 m2); 2026-10-06 plan check: reguleringsplan under the site: Ulvedalen fjelltak (2011-03-17, 100 % of the site)"
IN_LI_001,Bottum grustak - massemottak,outline from imagery inside the DMF licence area,verified,54520,31129,,23316,,,,,3405/2021p253 Bottum grustak,"activity field, road field of the facility plan, other field of the facility plan",,"2026-10-06 (licence step): gravel pit on the river terrace inside licences KB-172/14 and KB-005/25; the southern tail of the licence area with houses is left out; DMF licence KB-005/25 (39158 m2), KB-172/14 (40483 m2); 2026-10-06 plan check: reguleringsplan under the site: Bottum grustak (2024-01-25, 100 % of the site)"
